{
  "version": "1.0",
  "defaultProvider": "cdnjs",
  "libraries": [
    {
      "library": "jquery@3.4.1",
      "destination": "wwwroot/lib/jquery/"
    },
    {
      "library": "jqueryui@1.12.1",
      "destination": "wwwroot/lib/jqueryui/"
    },
    {
      "provider": "unpkg",
      "library": "bootstrap@4.0.0",
      "destination": "wwwroot/lib/bootstrap/"
    },
    {
      "library": "jquery-validate@1.19.1",
      "destination": "wwwroot/lib/jquery-validate/"
    },
    {
      "library": "jquery-validation-unobtrusive@3.2.11",
      "destination": "wwwroot/lib/jquery-unobtrusive/"
    }
  ]
}